"state","year","electricity_price","carbon_emissions","customers","retail_sales","total_electricity"
"Alabama",2020,5.91,NA,2694063.66666667,83449.21816,135870.90175
"Alabama",2019,5.95,NA,2626467.25,88095.11201,142679.43284
"Alabama",2018,6.01,NA,2607908.83333333,90280.45601,145057.99386
"Alabama",2017,6.16,50.987891,2591620.83333333,86241.73002,139964.25012
"Alabama",2016,6.04,55.619153,2574850.83333333,88225.14099,142385.09821
"Alabama",2015,6.03,62.391808,2552738.83333333,88845.54301,152477.42671
"Alabama",2014,6.15,65.591036,2537921.58333333,90493.72702,149340.44709
"Alabama",2013,5.95,64.747869,2524633.25,87852.10702,150572.92386
"Alabama",2012,6.22,66.974549,2515539.83333333,86182.54801,152878.68769
"Alabama",2011,6.25,74.598361,2505191.75,88995.369,156339.20983
"Alabama",2010,6.01,77.414484,2502108.83333333,90862.64502,152150.51206
"Alabama",2009,5.96,66.997271,2491143.25,82844.60198,143255.55561
"Alabama",2008,6.11,81.848255,2491147.08333333,89707.27903,145869.89518
"Alabama",2007,5.27,86.764431,NA,91828.46399,143826.27083
"Alabama",2006,4.9,84.464513,NA,90677.69499,140895.4413
"Alabama",2005,4.52,82.321245,NA,89201.61999,137948.58103
"Alabama",2004,4.15,78.565576,NA,86870.519,137354.77084
"Alabama",2003,3.98,79.111612,NA,83844.22002,137487.222
"Alabama",2002,3.82,78.213969,NA,83067.07798,132920.67
"Alabama",2001,3.79,74.573398,NA,79358.25799,125345.113
"Alaska",2020,16.49,NA,349644.916666667,5925.82893,5924.4281
"Alaska",2019,16.94,NA,345494.75,5818.80504,6070.84313
"Alaska",2018,17.1,NA,342864.166666667,5972.46697,6247.3585
"Alaska",2017,16.34,2.418335,340541.916666667,6185.799,6497.4656
"Alaska",2016,15.22,2.759453,337406.25,6123.20203,6335.03351
"Alaska",2015,14.53,2.95813,334221.666666667,6159.204,6284.9373
"Alaska",2014,15.66,2.914937,333729.75,6164.81201,6042.82963
"Alaska",2013,15.83,2.64714,327759.916666667,6268.21201,6496.82164
"Alaska",2012,16.82,3.139714,325454.666666667,6416.41098,6946.41882
"Alaska",2011,15.71,3.172442,323601.666666667,6319.53996,6871.03279
"Alaska",2010,14.14,3.047657,321149.666666667,6247.03804,6759.5757
"Alaska",2009,13.15,3.161068,318458.75,6270.17098,6702.15939
"Alaska",2008,14.17,3.267934,317244.166666667,6325.94399,6774.83438
"Alaska",2007,12.63,3.282579,NA,6326.61,6821.39162
"Alaska",2006,11.54,3.494779,NA,6182.291,6674.19677
"Alaska",2005,9.29,3.252222,NA,5912.571,6576.65854
"Alaska",2004,8.33,3.186784,NA,5788.484,6526.71686
"Alaska",2003,7.86,3.004138,NA,5563.682,6338.732
"Alaska",2002,7.65,3.2982,NA,5465.48899,6767.325
"Alaska",2001,7.61,3.28067,NA,5454.08001,6743.766
"Arizona",2020,6.13,NA,3230995,81521.12141,109628.83443
"Arizona",2019,6.28,NA,3187273.66666667,77929.17002,113551.98708
"Arizona",2018,6.55,NA,3138275,78346.30198,111925.14408
"Arizona",2017,6.45,43.791048,3093045.41666667,77646.26201,105851.76503
"Arizona",2016,6.07,44.621327,3051838.33333333,78237.82802,108763.4493
"Arizona",2015,6.26,50.05431,3011738.66666667,77349.41596,113142.0477
"Arizona",2014,6.46,53.557215,2981619.75,76297.68498,112257.18746
"Arizona",2013,6.66,55.190212,2947069.75,75662.03703,113325.98612
"Arizona",2012,6.53,51.770364,2898623.83333333,75063.34301,110904.99359
"Arizona",2011,6.55,52.770652,2888134.08333333,74943.64501,108125.35689
"Arizona",2010,6.63,54.853842,2861857.16666667,72833.03001,111750.95746
"Arizona",2009,6.65,52.887479,2851113.91666667,73432.92902,111971.25025
"Arizona",2008,6.57,58.089635,2834064.33333333,76267.91602,119459.17238
"Arizona",2007,6.05,55.644664,NA,77193.20601,113340.97027
"Arizona",2006,5.69,53.178997,NA,73252.77599,104392.52828
"Arizona",2005,5.85,51.314159,NA,69390.686,101478.65433
"Arizona",2004,5.35,52.200252,NA,66933.251,104564.14305
"Arizona",2003,5.37,46.574368,NA,64079.56,94396.218
"Arizona",2002,5.2,45.389926,NA,62600.73702,94131.666
"Arizona",2001,5.24,46.319063,NA,62274.304,89911.272
"Arkansas",2020,5.69,NA,1659777.41666667,45784.75208,52940.51288
"Arkansas",2019,6.13,NA,1630594.66666667,48093.032,64442.89845
"Arkansas",2018,5.64,NA,1621440.66666667,49602.70799,67999.35152
"Arkansas",2017,6.07,32.02454,1607632.91666667,46085.95101,60775.2163
"Arkansas",2016,6.08,30.485117,1595478.16666667,46188.43801,60445.05937
"Arkansas",2015,6.23,27.26845,1580231.16666667,46465.15401,55559.42755
"Arkansas",2014,6.02,35.832554,1566533.25,47080.301,61592.13666
"Arkansas",2013,6.04,35.876564,1557321.16666667,46683.03401,60322.49214
"Arkansas",2012,5.76,34.868833,1547901.83333333,46859.567,65005.67798
"Arkansas",2011,5.63,34.541743,1541337.5,47927.82902,61307.53589
"Arkansas",2010,5.44,32.618183,1534202.25,48194.28501,61000.18454
"Arkansas",2009,5.76,29.107607,1524432.25,43173.104,57457.73903
"Arkansas",2008,5.89,29.281034,1516551,46134.68103,55050.52783
"Arkansas",2007,5.25,28.852893,NA,47054.89099,54596.23556
"Arkansas",2006,5.24,27.666408,NA,46635.62399,52168.70298
"Arkansas",2005,4.74,25.576923,NA,46164.923,47794.50885
"Arkansas",2004,4.16,27.475817,NA,43672.35997,51927.63221
"Arkansas",2003,4.04,26.603058,NA,43108.25902,50401.101
"Arkansas",2002,4.01,25.791198,NA,42449.55799,47611.645
"Arkansas",2001,4.43,27.215022,NA,41732.44901,47192.035
"California",2020,14.42,NA,15705778.5833333,247751.59343,194110.26292
"California",2019,13.4,NA,15573394.1666667,250378.71001,201784.2043
"California",2018,13.2,NA,15454674.9166667,255224.27196,195465.63818
"California",2017,12.73,32.960605,15392132.25,257267.93701,206146.5199
"California",2016,11.92,36.571928,15286017.75,256846.63497,196963.21538
"California",2015,12.17,44.264208,15214446.6666667,261170.43698,196703.85766
"California",2014,12.34,46.283007,15079223.75,262584.78604,198807.62178
"California",2013,11.44,45.714259,15107542.5,261332.45899,200077.11462
"California",2012,10.49,48.016288,15010476.4166667,259538.03803,199518.56657
"California",2011,10.11,36.419359,14894334.1666667,261941.70002,200804.84248
"California",2010,9.8,43.451604,14837716.8333333,258530.89202,204125.59554
"California",2009,10.42,47.863884,14789505.4166667,259583.67599,204776.13225
"California",2008,10.09,50.938539,14826790.1666667,268155.21899,207984.26283
"California",2007,9.98,50.038202,NA,264234.91098,210847.58088
"California",2006,10.09,46.488715,NA,262958.52801,216798.68818
"California",2005,9.55,41.973995,NA,254249.50699,200292.81808
"California",2004,9.27,46.368641,NA,252025.97301,194780.355
"California",2003,9.59,42.723243,NA,243221.31601,192788.542
"California",2002,9.81,43.748631,NA,235213.33199,184210.031
"California",2001,9.23,57.840045,NA,247758.77798,198596.075
"Colorado",2020,7.25,NA,2787865.08333333,56374.78629,54199.48918
"Colorado",2019,7.4,NA,2765155.75,56520.823,56337.73443
"Colorado",2018,7.47,NA,2719057.33333333,56450.48002,55386.27857
"Colorado",2017,7.5,35.165427,2675272.33333333,54830.186,53844.00156
"Colorado",2016,7.35,35.653208,2643311,54802.03701,54418.48
"Colorado",2015,7.4,36.99045,2607513.75,54116.04599,52393.07748
"Colorado",2014,7.47,38.08166,2572988.16666667,53396.52104,53847.38591
"Colorado",2013,7.34,38.990372,2544333,53441.64901,52937.43591
"Colorado",2012,6.95,39.518929,2514400.91666667,53685.29703,52556.7011
"Colorado",2011,7.06,39.306319,2506104.41666667,53458.28503,51432.55429
"Colorado",2010,6.9,40.322372,2493632.08333333,52917.78601,50720.79178
"Colorado",2009,6.39,38.855095,2475805.83333333,51035.906,50565.95155
"Colorado",2008,6.65,41.506468,2546525.58333333,52142.47302,53441.59356
"Colorado",2007,5.97,43.415745,NA,51299.15598,53907.49213
"Colorado",2006,5.88,42.044686,NA,49733.69801,50698.35285
"Colorado",2005,5.74,41.148798,NA,48353.23601,49616.69434
"Colorado",2004,5.11,40.840851,NA,46723.84101,47869.49241
"Colorado",2003,5.1,40.790782,NA,46494.64498,46616.787
"Colorado",2002,4.52,40.60328,NA,45936.69602,45600.388
"Colorado",2001,4.48,41.785322,NA,44236.03801,46876.002
"Connecticut",2020,13.3,NA,1681756.41666667,27013.48345,41164.61434
"Connecticut",2019,13.44,NA,1667151.58333333,27899.99602,40050.03793
"Connecticut",2018,13.77,NA,1661836.66666667,28833.92499,39453.5515
"Connecticut",2017,13.1,6.250265,1652869,28135.52999,34562.6539
"Connecticut",2016,12.81,6.988908,1643333.08333333,28931.08701,36496.55991
"Connecticut",2015,12.95,7.448328,1625899.33333333,29476.15502,37470.62225
"Connecticut",2014,12.92,6.709873,1619264,29354.46001,33676.98041
"Connecticut",2013,12.61,6.791765,1609953.08333333,29824.51602,35610.78932
"Connecticut",2012,12.67,7.227959,1609734.25,29492.33802,36117.54387
"Connecticut",2011,13.24,6.583908,1608709.25,29858.99301,33745.22061
"Connecticut",2010,14.51,7.71259,1610628.25,30391.76599,33349.62331
"Connecticut",2009,14.99,6.577872,1600305.33333333,29715.764,31206.22203
"Connecticut",2008,14.93,7.974152,1612646.25,30956.544,30409.47264
"Connecticut",2007,12.92,8.875751,NA,34129.10701,33171.20923
"Connecticut",2006,11.71,9.528937,NA,31677.453,34681.73618
"Connecticut",2005,9.4,10.016726,NA,33095.02901,33549.74678
"Connecticut",2004,7.89,8.724406,NA,32214.61001,32633.40771
"Connecticut",2003,7.99,7.944165,NA,31830.218,29545.05
"Connecticut",2002,7.68,8.681446,NA,31005.489,31311.219
"Connecticut",2001,7.62,9.667725,NA,30540.758,30490.646
"Delaware",2020,6.94,NA,499169,10894.67543,5018.14482
"Delaware",2019,7.7,NA,495835.583333333,11469.42198,5258.53801
"Delaware",2018,7.95,NA,488190.666666667,11773.09999,6240.6439
"Delaware",2017,7.78,2.940104,481029,11128.60301,7495.97627
"Delaware",2016,8.11,3.590997,473473.416666667,11258.43802,8731.26055
"Delaware",2015,8.28,3.261824,467088.833333333,11498.205,7810.00556
"Delaware",2014,8.58,3.62854,460572.166666667,11338.47699,7703.58352
"Delaware",2013,8.43,4.07459,456040.083333333,11347.856,7760.861
"Delaware",2012,8.36,4.580924,451908.25,11519.33103,8633.694
"Delaware",2011,8.91,3.846989,449714.75,11483.29598,6590.1948
"Delaware",2010,9.57,4.254647,447339.166666667,11605.93201,5627.645
"Delaware",2009,9.51,3.869188,444133.416666667,11257.77799,4841.56286
"Delaware",2008,10.49,6.302333,441394.166666667,11748.783,7523.83862
"Delaware",2007,8.93,6.733001,NA,11868.81001,8534.16326
"Delaware",2006,7.67,5.764136,NA,11554.672,7182.17937
"Delaware",2005,6.21,6.470753,NA,12136.78801,8136.56808
"Delaware",2004,6.06,6.05302,NA,11761.15299,7855.55258
"Delaware",2003,5.15,5.945285,NA,12599.59001,7392.287
"Delaware",2002,4.85,5.171114,NA,12018.734,6002.489
"Delaware",2001,4.81,5.221606,NA,11378.62599,6807.684
"Florida",2020,7.22,NA,10952344.5,237607.29573,249657.65084
"Florida",2019,7.65,NA,10830325.6666667,240347.95505,245603.4849
"Florida",2018,7.65,NA,10673904.8333333,238565.39101,244252.03517
"Florida",2017,7.83,103.152147,10529932.25,233154.54901,238413.43667
"Florida",2016,7.69,106.350704,10370271.5,235721.82202,238262.14982
"Florida",2015,8.22,108.113621,10166666.8333333,235599.39799,237412.63315
"Florida",2014,7.9,109.767841,10090564.1666667,226078.111,230015.9373
"Florida",2013,7.61,105.153099,9950076.58333333,221919.51399,222398.92398
"Florida",2012,8.04,107.498334,9823193.58333333,220674.33303,221096.13597
"Florida",2011,8.55,110.960807,9732883.16666667,225090.42199,221894.57408
"Florida",2010,8.85,120.117278,9674410.75,231209.61398,229095.93479
"Florida",2009,9.32,111.071425,9639206.41666667,224750.322,217952.30839
"Florida",2008,8.25,117.803502,9629908.58333333,226172.795,219636.81819
"Florida",2007,7.76,125.287318,NA,231084.60001,225416.06022
"Florida",2006,7.71,124.061917,NA,228219.54399,223751.62103
"Florida",2005,6.46,127.699878,NA,224977.011,220256.41181
"Florida",2004,5.84,127.255246,NA,218584.494,218117.92785
"Florida",2003,5.41,126.918679,NA,217378.62198,212610.011
"Florida",2002,5.23,121.972345,NA,210473.53002,203352.775
"Florida",2001,5.18,119.565158,NA,200752.13301,190945.344
"Georgia",2020,5.52,NA,5150323,133241.22291,119279.20059
"Georgia",2019,6.17,NA,5020633.25,139300.98999,128691.56939
"Georgia",2018,6,NA,4956553.58333333,139866.07398,129239.37127
"Georgia",2017,5.96,52.343337,4892944.33333333,133456.62002,127455.31405
"Georgia",2016,5.84,57.913026,4829626.08333333,138112.23899,133380.41567
"Georgia",2015,5.87,56.085521,4772842.58333333,135878.21498,128817.89761
"Georgia",2014,6.64,59.982312,4710054.66666667,135789.93199,125837.22353
"Georgia",2013,6.27,54.049121,4674670.5,130497.47001,120953.7343
"Georgia",2012,5.98,56.155073,4636419.58333333,130978.87203,122306.36385
"Georgia",2011,6.6,68.497476,4621058.08333333,136371.149,124749.34116
"Georgia",2010,6.22,79.890271,4615783.91666667,140671.57998,137576.94126
"Georgia",2009,6.12,74.453004,4623206,130765.50498,128698.37644
"Georgia",2008,6.67,86.469515,4594197,135173.51401,136173.39534
"Georgia",2007,5.53,92.360067,NA,137453.878,145155.15835
"Georgia",2006,5.38,86.699094,NA,134834.16799,138010.20785
"Georgia",2005,5.28,86.140415,NA,132265.45199,136667.89195
"Georgia",2004,4.43,78.196835,NA,129465.78401,126812.71475
"Georgia",2003,4.02,76.075184,NA,123676.65699,124076.834
"Georgia",2002,3.95,75.873669,NA,123789.07801,126512.215
"Georgia",2001,4.28,70.864564,NA,117790.47301,118316.789
"Hawaii",2020,24.46,NA,501070.083333333,8713.09016,9324.46109
"Hawaii",2019,25.76,NA,499053.583333333,9452.88702,9749.99808
"Hawaii",2018,26.1,NA,496741.166666667,9337.16099,9796.7729
"Hawaii",2017,22.92,5.586477,494970.583333333,9324.201,9812.96803
"Hawaii",2016,20.69,6.594561,492578,9445.38899,9948.84505
"Hawaii",2015,23.06,6.617824,489709.916666667,9511.35201,10119.50026
"Hawaii",2014,30.22,6.726252,486562.916666667,9475.45201,10204.15825
"Hawaii",2013,29.87,6.774999,483546.833333333,9503.16401,10267.05227
"Hawaii",2012,30.82,7.098878,480425.583333333,9639.15701,10469.26867
"Hawaii",2011,28.4,7.447544,478273.583333333,9961.65301,10723.33291
"Hawaii",2010,21.94,7.583196,475732.083333333,10016.50902,10836.03597
"Hawaii",2009,18.14,7.691787,474400.333333333,10126.185,11010.53289
"Hawaii",2008,26.05,7.891631,472024.5,10390.27901,11376.38508
"Hawaii",2007,18.38,8.101152,NA,10585.299,11533.34958
"Hawaii",2006,17.96,8.119086,NA,10567.912,11559.17366
"Hawaii",2005,15.79,8.143953,NA,10538.91001,11522.80535
"Hawaii",2004,13.35,8.209691,NA,10731.52002,11410.40259
"Hawaii",2003,12.2,7.923375,NA,10390.83599,10976.371
"Hawaii",2002,11.02,8.599613,NA,9891.63799,11663.07
"Hawaii",2001,11.68,8.023665,NA,9784.56301,10633.093
"Idaho",2020,6.25,NA,923777.916666667,24247.18896,19334.8863
"Idaho",2019,6.08,NA,904469.75,23985.27499,18407.81198
"Idaho",2018,6.47,NA,882773.666666667,23753.508,18172.11967
"Idaho",2017,6.66,1.132441,864670.5,23793.78998,17396.02356
"Idaho",2016,6.55,1.253994,849763,23062.961,15660.93838
"Idaho",2015,6.6,1.489619,835430.583333333,23058.81399,15667.09473
"Idaho",2014,6.4,0.987935,821865.5,23233.28402,15184.4165
"Idaho",2013,6.09,1.33344,811174.083333333,24208.05601,15186.12821
"Idaho",2012,5.48,0.730113,802206.75,23711.85901,15499.08931
"Idaho",2011,5.1,0.445252,794924,23271.72399,16568.7859
"Idaho",2010,5.15,0.667685,792031,22797.66804,12024.5641
"Idaho",2009,5.17,0.676685,786553.833333333,22753.77901,13100.15185
"Idaho",2008,4.48,0.675538,779759.416666667,23901.49001,11970.55293
"Idaho",2007,3.87,0.679994,NA,23755.186,11484.09063
"Idaho",2006,3.61,0.523763,NA,22761.749,13386.08525
"Idaho",2005,3.91,0.619012,NA,21852.68101,10824.98385
"Idaho",2004,3.82,0.648956,NA,21808.67401,10863.03871
"Idaho",2003,4.16,0.510372,NA,21218.685,10422.935
"Idaho",2002,4.34,0.14131,NA,20699.666,9786.933
"Idaho",2001,3.71,0.574877,NA,21096.017,9346.941
"Illinois",2020,6.44,NA,6002889.58333333,131779.27979,173552.06393
"Illinois",2019,6.52,NA,5943064.83333333,138319.481,184470.05179
"Illinois",2018,6.8,NA,5911486.91666667,142654.80803,188003.35675
"Illinois",2017,6.47,65.086553,5881695.83333333,137196.31002,183591.57075
"Illinois",2016,6.51,67.156755,5844547.58333333,141050.40899,187289.13096
"Illinois",2015,6.67,77.322807,5781840.16666667,138619.97001,193952.04003
"Illinois",2014,6.85,88.853526,5751364.75,141540.28702,202143.87798
"Illinois",2013,5.94,90.03282,5723778.75,141804.88802,203004.91948
"Illinois",2012,5.8,86.309461,5694825.91666667,143540.004,197565.36162
"Illinois",2011,6.42,92.257592,5682631.58333333,142885.56705,199499.72804
"Illinois",2010,6.82,95.129714,5654797.75,144760.67401,201351.87163
"Illinois",2009,7.01,91.405918,5656554.75,136688.466,193864.35727
"Illinois",2008,7.34,97.810744,5691210.33333333,144619.914,199475.17757
"Illinois",2007,6.61,97.898042,NA,146055.151,200260.6812
"Illinois",2006,4.69,92.880319,NA,142447.811,192426.95805
"Illinois",2005,4.61,94.525783,NA,144986.21498,194120.14583
"Illinois",2004,4.65,95.261592,NA,139253.956,191957.77849
"Illinois",2003,4.86,89.474024,NA,136247.891,189055.26
"Illinois",2002,4.89,89.250186,NA,138447.313,188054.449
"Illinois",2001,4.65,86.658787,NA,136033.54903,179249.285
"Indiana",2020,6.74,NA,3304081.66666667,93347.68852,89853.26395
"Indiana",2019,7.36,NA,3264625.08333333,102104.20305,102505.38095
"Indiana",2018,7.38,NA,3235835.33333333,104194.376,113459.71091
"Indiana",2017,7.54,80.866012,3204014.41666667,98965.96799,98929.81848
"Indiana",2016,6.97,84.531158,3190274.25,103704.82099,101759.05895
"Indiana",2015,6.86,88.248079,3173538.66666667,104514.51797,104019.27476
"Indiana",2014,6.97,104.442131,3151457.83333333,106942.50407,115395.39178
"Indiana",2013,6.7,99.514548,3136349.66666667,105487.38897,110403.47711
"Indiana",2012,6.34,99.843311,3118565.25,105173.42503,114695.72927
"Indiana",2011,6.17,109.850196,3106400,105818.13899,122131.41396
"Indiana",2010,5.87,115.558861,3103293.75,105994.37598,125180.73889
"Indiana",2009,5.81,110.295568,3093305.25,99311.81303,116670.27986
"Indiana",2008,5.46,123.913403,3092377.66666667,106980.70404,129510.29398
"Indiana",2007,4.89,123.566451,NA,109420.14999,130637.9985
"Indiana",2006,4.95,123.505018,NA,105664.484,130489.78766
"Indiana",2005,4.42,123.812754,NA,106548.91001,130371.57252
"Indiana",2004,4.13,120.739626,NA,103094.263,127770.39577
"Indiana",2003,3.92,118.153762,NA,100467.77899,124888.217
"Indiana",2002,3.95,116.164891,NA,101428.54999,125608.14
"Indiana",2001,4.11,116.652965,NA,97733.96801,122569.673
"Iowa",2020,6.55,NA,1681091.33333333,49804.8207,59376.12945
"Iowa",2019,6.6,NA,1643274,51043.14802,62649.56287
"Iowa",2018,6.45,NA,1633335.41666667,51210.655,63380.56876
"Iowa",2017,6.21,25.809901,1621279,48921.99695,57909.56614
"Iowa",2016,6.05,25.084296,1602446,48431.19301,54392.5065
"Iowa",2015,5.9,28.823374,1591781,47147.29286,56658.91846
"Iowa",2014,5.71,32.892433,1580196.58333333,47201.85298,56853.28247
"Iowa",2013,5.62,32.568143,1572245.16666667,46705.21594,56670.75692
"Iowa",2012,5.3,34.817861,1562980.16666667,45709.09996,56675.40557
"Iowa",2011,5.21,37.65581,1556498.16666667,45654.87701,56371.91265
"Iowa",2010,5.36,41.105479,1552150.16666667,45445.26903,57508.72079
"Iowa",2009,5.27,37.477642,1546777.16666667,43641.195,51860.06313
"Iowa",2008,4.81,41.400509,1543421.83333333,45488.07,53086.78637
"Iowa",2007,4.74,39.62034,NA,45269.52298,49789.21697
"Iowa",2006,4.92,36.343372,NA,43336.835,45483.46238
"Iowa",2005,4.56,36.12367,NA,42756.80799,44156.15992
"Iowa",2004,4.33,36.903547,NA,40902.77298,43248.189
"Iowa",2003,4.16,36.420381,NA,41207.284,42116.192
"Iowa",2002,4.06,36.204578,NA,40897.54298,42528.384
"Iowa",2001,4.18,36.457361,NA,39443.755,40658.512
"Kansas",2020,7.13,NA,1563366.58333333,38425.2788,54342.8996
"Kansas",2019,7.35,NA,1534421,41159.62799,50887.99173
"Kansas",2018,7.6,NA,1524319.25,42036.97905,51710.21324
"Kansas",2017,7.54,21.599711,1515616.5,40287.78699,50933.29634
"Kansas",2016,7.49,25.110094,1509490.08333333,40810.174,47599.99057
"Kansas",2015,7.61,26.708635,1484385.83333333,39849.12703,45527.12366
"Kansas",2014,7.8,31.004655,1481668.16666667,40561.606,49728.36311
"Kansas",2013,7.39,32.327345,1473880.25,39847.39708,48472.5813
"Kansas",2012,7.09,30.982584,1466080.41666667,40293.47599,44424.69077
"Kansas",2011,6.71,34.582182,1461236.25,40760.39897,45359.84012
"Kansas",2010,6.23,35.787389,1456408.33333333,40420.675,47923.76218
"Kansas",2009,6.1,35.692054,1451190.33333333,38243.34399,46677.30755
"Kansas",2008,5.69,36.757247,1511936.41666667,39965.06108,46630.32137
"Kansas",2007,5.13,38.94438,NA,40165.97699,50122.19572
"Kansas",2006,5.2,35.494527,NA,39751.30199,45523.73631
"Kansas",2005,4.85,37.52162,NA,39024.28299,45862.69587
"Kansas",2004,4.69,37.758281,NA,37126.54001,46782.6588
"Kansas",2003,4.61,38.480768,NA,36735.39,46567.56
"Kansas",2002,4.53,38.59108,NA,36713.54001,47188.446
"Kansas",2001,4.55,35.25341,NA,35846.95101,44748.523
"Kentucky",2020,5.15,NA,2360027.66666667,70318.89227,63424.3181
"Kentucky",2019,5.57,NA,2307114.08333333,75345.38199,71804.2538
"Kentucky",2018,5.68,NA,2292365.66666667,76610.63598,78804.49656
"Kentucky",2017,5.72,63.916601,2282464.66666667,72634.38697,73179.1957
"Kentucky",2016,5.67,73.375515,2266533.75,74553.575,80273.50107
"Kentucky",2015,5.48,77.516268,2253920.08333333,76038.62997,83543.67059
"Kentucky",2014,5.68,87.40651,2244043.33333333,78838.92399,90896.43507
"Kentucky",2013,5.66,87.029851,2239533.08333333,84763.84199,89741.02122
"Kentucky",2012,5.35,87.405742,2229987.91666667,89048.49001,89949.6887
"Kentucky",2011,5.33,94.57521,2230401.91666667,89538.34102,98350.98218
"Kentucky",2010,5.05,95.115505,2234977.58333333,93569.42597,98217.65818
"Kentucky",2009,4.92,88.008214,2226166.16666667,88896.75702,90630.42662
"Kentucky",2008,4.82,96.071844,2230452.75,93428.414,97863.34027
"Kentucky",2007,4.47,95.352128,NA,92404.1,97225.31941
"Kentucky",2006,4.05,96.102603,NA,88743.43502,98792.01419
"Kentucky",2005,3.6,93.305525,NA,89351.466,97822.41914
"Kentucky",2004,3.34,90.135904,NA,86521.15599,94529.94718
"Kentucky",2003,3.21,88.295642,NA,85219.631,91718.82
"Kentucky",2002,3.09,90.059996,NA,87266.835,92106.668
"Kentucky",2001,3.04,90.337984,NA,79975.49899,95417.626
"Louisiana",2020,4.82,NA,2455631.5,87283.31424,102002.45144
"Louisiana",2019,5.23,NA,2409991.41666667,93128.52502,100174.76203
"Louisiana",2018,5.35,NA,2397363.16666667,94186.072,102128.4847
"Louisiana",2017,5.48,33.466615,2384626.08333333,91205.93502,97719.21253
"Louisiana",2016,5.08,36.295155,2368709.25,91452.65903,107268.80356
"Louisiana",2015,5.41,39.392096,2361576.66666667,91676.48903,107812.35352
"Louisiana",2014,6.05,39.500632,2343559,90628.31601,104229.40163
"Louisiana",2013,5.92,41.026991,2311894.91666667,85807.93201,102010.17699
"Louisiana",2012,4.76,43.187881,2293414.33333333,84730.743,103407.70581
"Louisiana",2011,5.69,46.464946,2274269.16666667,86369.081,105490.73696
"Louisiana",2010,5.84,42.707622,2265498.16666667,85079.69199,102884.94019
"Louisiana",2009,5.25,37.963765,2234721.58333333,78669.582,90993.6761
"Louisiana",2008,7.94,40.102745,2205675.83333333,78725.774,92453.14138
"Louisiana",2007,6.77,38.361046,NA,79566.93699,92578.32872
"Louisiana",2006,6.87,38.082251,NA,77467.748,90921.82942
"Louisiana",2005,6.71,43.170271,NA,77389.17,92616.8782
"Louisiana",2004,5.82,41.278237,NA,79737.112,98172.30865
"Louisiana",2003,5.57,39.353999,NA,77769.32199,94885.04
"Louisiana",2002,4.42,41.728928,NA,79260.98899,94970.964
"Louisiana",2001,5.58,39.591215,NA,74692.75099,87894.377
"Maine",2020,8.92,NA,817216.083333333,11211.84865,10411.37264
"Maine",2019,9.22,NA,813498.25,11732.04,10490.562
"Maine",2018,9.32,NA,808978.166666667,12354.81901,11280.69963
"Maine",2017,9.2,1.032153,810222.583333333,11213.674,11264.28
"Maine",2016,8.96,1.49529,800298.75,11448.951,11514.42707
"Maine",2015,9.05,1.599531,799291.416666667,11888.16799,11741.26486
"Maine",2014,8.95,1.666516,801515.833333333,12002.661,13248.70989
"Maine",2013,8.34,1.442865,797072.666666667,11855.04699,14030.03761
"Maine",2012,7.98,1.739731,795595.75,11561.059,15048.29623
"Maine",2011,8.88,2.086917,792947.833333333,11415.34502,15973.68806
"Maine",2010,9.17,2.587137,790710.5,11531.56801,17018.65964
"Maine",2009,10.03,2.374936,787602,11282.96701,16349.84867
"Maine",2008,11.56,2.549305,785954.833333333,11673.67301,17094.91944
"Maine",2007,14.11,2.599905,NA,11860.20201,16128.56744
"Maine",2006,8.83,2.704822,NA,12284.76798,16816.1727
"Maine",2005,7.28,3.839396,NA,12362.879,18843.97757
"Maine",2004,6.56,4.550623,NA,12367.66801,19098.88545
"Maine",2003,6.35,4.804496,NA,11971.83701,18971.635
"Maine",2002,7.05,5.913771,NA,11441.35801,22535.033
"Maine",2001,7.15,5.75346,NA,12151.99701,19564.821
"Maryland",2020,7.76,NA,2644995.33333333,57533.35224,36056.98082
"Maryland",2019,7.8,NA,2617638.25,60720.65798,39325.59528
"Maryland",2018,8.23,NA,2595483.75,62086.455,43809.64841
"Maryland",2017,8.37,11.874197,2574911.83333333,59303.885,34104.08
"Maryland",2016,7.89,17.323586,2548065,61353.91102,37166.68726
"Maryland",2015,8.53,16.838357,2513564.33333333,61781.719,36365.54382
"Maryland",2014,9.04,19.238173,2492109.75,61683.86901,37833.65242
"Maryland",2013,8.36,17.539358,2474908,61899.47801,35850.81233
"Maryland",2012,8.09,19.184655,2468098.16666667,61813.552,37809.74355
"Maryland",2011,8.76,22.260907,2461920.08333333,63599.711,41818.06819
"Maryland",2010,9.58,25.176684,2453400.5,65335.49801,43607.2639
"Maryland",2009,9.96,24.596347,2439808.83333333,62589.14302,43774.83198
"Maryland",2008,10.38,28.186609,2428688.75,63325.777,47360.9529
"Maryland",2007,9.41,30.504656,NA,65390.66,50197.92382
"Maryland",2006,8.14,29.690195,NA,63173.14301,48956.87965
"Maryland",2005,7.01,32.561155,NA,68365.38499,52661.60002
"Maryland",2004,5.99,31.263454,NA,66891.7,52052.76985
"Maryland",2003,4.89,32.05541,NA,71258.583,52244.237
"Maryland",2002,4.01,31.086179,NA,68379.90601,48279.088
"Maryland",2001,4.37,30.661262,NA,61640.02,49062.34
"Massachusetts",2020,12.97,NA,3261828.25,49455.07157,18349.7692
"Massachusetts",2019,14.76,NA,3224115.5,51336.598,21515.63618
"Massachusetts",2018,14.89,NA,3203718,53285.02904,27172.88233
"Massachusetts",2017,13.88,10.230883,3186225.75,52513.32103,32204.115
"Massachusetts",2016,13.38,10.73788,3157470.91666667,53475.888,31955.02169
"Massachusetts",2015,13.54,11.352126,3216080.08333333,54621.08801,32085.96914
"Massachusetts",2014,12.74,10.817442,3133740.91666667,54469.29199,31118.59132
"Massachusetts",2013,13.18,12.671006,3117211.66666667,55265.07402,32885.02068
"Massachusetts",2012,12.57,12.130277,3109558.41666667,55313.32401,35578.42149
"Massachusetts",2011,13.38,14.350792,3104435.41666667,55569.91203,38054.82051
"Massachusetts",2010,13.71,18.288228,3070580.75,57123.42199,42804.82379
"Massachusetts",2009,14.07,17.613406,3053662.83333333,54359.198,38966.65118
"Massachusetts",2008,14.14,20.253011,3041584.5,55884.10501,42505.47848
"Massachusetts",2007,13.03,23.788107,NA,57138.822,47075.97506
"Massachusetts",2006,13.04,21.702993,NA,55850.08999,45597.77537
"Massachusetts",2005,9.22,24.754345,NA,57227.58799,47515.4433
"Massachusetts",2004,8.48,23.989609,NA,56142.019,47500.48255
"Massachusetts",2003,8.93,25.265025,NA,55514.357,48385.024
"Massachusetts",2002,8.34,23.154554,NA,53707.537,42027.818
"Massachusetts",2001,9.37,22.280265,NA,52496.07498,38478.434
"Michigan",2020,7.49,NA,5016553.75,96162.94766,104875.13212
"Michigan",2019,7.07,NA,4934715.33333333,101249.29299,116701.48821
"Michigan",2018,7.1,NA,4914754.91666667,104869.49604,115837.09482
"Michigan",2017,7.19,55.670565,4893475.25,101899.09299,112313.50058
"Michigan",2016,6.91,55.56669,4855869.91666667,104467.81302,112121.79002
"Michigan",2015,7.02,63.023838,4821755.25,102479.92098,113008.05016
"Michigan",2014,7.68,60.202678,4808837.5,103314.09802,106816.99101
"Michigan",2013,7.72,62.718532,4798996.66666667,103038.30501,105417.80056
"Michigan",2012,7.62,63.472527,4784779.83333333,104818.19094,108158.04967
"Michigan",2011,7.32,65.588476,4783411.33333333,105053.55799,109169.50687
"Michigan",2010,7.08,71.107728,4778213.83333333,103649.21905,111551.37129
"Michigan",2009,6.98,70.013787,4787396.66666667,98121.01401,101202.60516
"Michigan",2008,6.73,73.44128,4821865.66666667,105781.27099,114989.80581
"Michigan",2007,6.47,76.083264,NA,109296.74901,119309.9362
"Michigan",2006,6.05,72.429492,NA,108017.697,112556.73849
"Michigan",2005,5.32,76.549544,NA,110444.563,121619.7712
"Michigan",2004,4.92,74.059555,NA,106606.04,118487.26942
"Michigan",2003,4.96,70.706877,NA,108877.193,111347.06
"Michigan",2002,5.02,71.972823,NA,104713.52001,117889.087
"Michigan",2001,5.08,73.547034,NA,102409.347,111845.61
"Minnesota",2020,8.01,NA,2773226.66666667,62448.19369,56551.66825
"Minnesota",2019,7.53,NA,2755096,66965.594,59379.3895
"Minnesota",2018,7.52,NA,2725233.75,68708.382,61517.44119
"Minnesota",2017,7.37,25.233911,2705008.25,67152.57996,58748.83149
"Minnesota",2016,7.37,26.721203,2679248.66666667,66546.49198,59478.75269
"Minnesota",2015,7.02,27.244978,2673526.66666667,66579.23389,56979.76789
"Minnesota",2014,6.72,29.400894,2640718.58333333,68719.36703,56998.32996
"Minnesota",2013,6.98,25.993295,2622275.08333333,68644.10298,51296.98761
"Minnesota",2012,6.54,25.702362,2606800.66666667,67988.53489,52754.43318
"Minnesota",2011,6.47,29.255113,2595677.41666667,68532.70801,53120.06149
"Minnesota",2010,6.29,29.637385,2586901,67799.70605,53670.227
"Minnesota",2009,6.26,30.486439,2573729,64004.46303,52491.84871
"Minnesota",2008,5.87,33.305935,2559661.58333333,68794.13798,54763.35986
"Minnesota",2007,5.69,34.655343,NA,68231.182,54477.64643
"Minnesota",2006,5.29,34.800272,NA,66769.931,53237.78913
"Minnesota",2005,5.02,35.949865,NA,66019.053,53018.99488
"Minnesota",2004,4.63,35.332295,NA,63340.31499,52364.12664
"Minnesota",2003,4.36,36.88343,NA,63087.339,55050.995
"Minnesota",2002,4.07,33.359464,NA,62162.36098,52777.965
"Minnesota",2001,4.34,32.639229,NA,60686.852,48523.226
"Mississippi",2020,5.7,NA,1594247.08333333,47357.96541,65770.45164
"Mississippi",2019,5.85,NA,1541421.16666667,48951.02598,65958.75973
"Mississippi",2018,6,NA,1538137.75,50390.06799,63473.77145
"Mississippi",2017,5.99,23.769966,1530975.91666667,47828.78701,59727.63655
"Mississippi",2016,5.79,25.974551,1522716.58333333,49050.16401,62881.29496
"Mississippi",2015,6.56,24.725605,1512644.58333333,48691.52903,64757.86359
"Mississippi",2014,6.6,23.805187,1504915.91666667,49408.63097,55127.09166
"Mississippi",2013,6.34,21.720197,1496560.66666667,48781.98998,52810.26389
"Mississippi",2012,6.24,23.243145,1490900.25,48387.675,54584.295
"Mississippi",2011,6.53,23.064786,1484704.91666667,49337.55702,51570.94264
"Mississippi",2010,6.32,26.571773,1481453.25,49687.16601,54487.26002
"Mississippi",2009,6.61,23.181637,1473270.58333333,46049.15401,48701.48411
"Mississippi",2008,6.56,25.789629,1470200.83333333,47721.23501,48205.71103
"Mississippi",2007,5.75,27.697689,NA,48153.18099,50043.68593
"Mississippi",2006,5.94,25.798755,NA,46936.43701,46228.84737
"Mississippi",2005,5.37,25.231471,NA,45901.064,45067.4533
"Mississippi",2004,4.83,25.450597,NA,46032.538,43662.61318
"Mississippi",2003,4.48,23.350602,NA,45543.88101,40148.278
"Mississippi",2002,4.4,23.326516,NA,45451.84999,42888.812
"Mississippi",2001,4.4,30.859717,NA,44286.86497,53446.452
"Missouri",2020,6.38,NA,3270031.5,74436.22943,73430.26579
"Missouri",2019,7.11,NA,3206745.5,78857.77499,78278.75121
"Missouri",2018,7.22,NA,3185026.25,82055.83499,85095.38365
"Missouri",2017,7.33,68.375712,3160942.33333333,76461.41901,84606.73066
"Missouri",2016,7.12,62.395909,3138339.25,78618.05596,78611.51254
"Missouri",2015,6.44,66.532192,3118382.25,81504.08101,83640.06743
"Missouri",2014,6.36,74.046419,3106307.83333333,83878.39692,87834.46821
"Missouri",2013,6.29,76.594987,3090923.75,83406.95703,91626.59293
"Missouri",2012,5.89,73.824657,3081197.25,82435.35899,91804.3206
"Missouri",2011,5.85,79.51164,3072939.16666667,84254.84102,94876.3967
"Missouri",2010,5.5,76.846233,3075627.66666667,86085.117,92312.98942
"Missouri",2009,5.42,72.827279,3065208.91666667,79897.30002,88354.27161
"Missouri",2008,4.92,75.558278,3067396.5,84381.67599,91028.79541
"Missouri",2007,4.76,76.207823,NA,85532.85001,91153.08115
"Missouri",2006,4.58,78.191324,NA,82015.23001,91686.34291
"Missouri",2005,4.54,79.065454,NA,80940.494,90828.23045
"Missouri",2004,4.62,76.029593,NA,74054.29601,87632.91035
"Missouri",2003,4.49,74.809794,NA,74239.88799,87225.087
"Missouri",2002,4.42,68.877169,NA,75000.629,81162.198
"Missouri",2001,4.39,68.218102,NA,73213.157,79544.873
"Montana",2020,5.06,NA,648479.833333333,14362.93228,23730.18559
"Montana",2019,5.45,NA,636796,15321.27099,27797.079
"Montana",2018,5.19,NA,628134.083333333,14838.845,28212.831
"Montana",2017,5.25,15.536656,620348.916666667,14709.65601,28220.946
"Montana",2016,5.06,16.119179,612919.333333333,14100.60104,27783.52924
"Montana",2015,5.32,17.77508,605452.75,14206.91101,29302.40085
"Montana",2014,5.49,17.314859,597765.75,14102.39201,30257.61608
"Montana",2013,5.43,16.610292,587168.166666667,14045.17399,27687.32631
"Montana",2012,5.1,15.697731,581829,13863.38298,27804.78243
"Montana",2011,5.27,16.722967,577348.833333333,13788.08099,30128.54257
"Montana",2010,5.55,20.008628,574223.416666667,13771.45301,29791.18057
"Montana",2009,5.46,17.229317,571882.333333333,14353.775,26712.73527
"Montana",2008,5.9,19.969387,566847.583333333,15326.39999,29637.137
"Montana",2007,5.16,19.969858,NA,15531.985,28931.49304
"Montana",2006,5.12,18.97393,NA,13814.98003,28243.5364
"Montana",2005,4.83,19.461113,NA,13478.83801,27938.77774
"Montana",2004,4.15,19.204563,NA,12956.782,26788.76766
"Montana",2003,4.03,18.699917,NA,12824.66001,26268.726
"Montana",2002,3.71,16.53788,NA,12831.388,25473.705
"Montana",2001,6.59,18.213596,NA,11446.65801,24232.485
"Nebraska",2020,7.44,NA,1098523.08333333,30244.23825,36859.7737
"Nebraska",2019,7.65,NA,1071627.33333333,30383.19001,37297.61537
"Nebraska",2018,7.6,NA,1065598.5,30939.49202,36966.21581
"Nebraska",2017,7.66,20.673888,1055501,30359.00701,35406.98175
"Nebraska",2016,7.69,21.391531,1045459.58333333,30199.35405,36524.86927
"Nebraska",2015,7.59,23.662363,1036312.66666667,29495.07292,39883.39061
"Nebraska",2014,7.47,24.588571,1026214.83333333,30222.16803,39431.29074
"Nebraska",2013,7.44,26.334336,1015837.75,30700.605,37104.62777
"Nebraska",2012,7.01,24.665883,1008127.66666667,30827.93899,34217.29245
"Nebraska",2011,6.43,25.696383,1005964.41666667,29676.08402,36095.051
"Nebraska",2010,6,23.332123,1000147.66666667,29849.46004,36630.0062
"Nebraska",2009,5.75,23.342302,995067,28452.194,34001.89214
"Nebraska",2008,5.16,22.085352,988790.916666667,28821.02104,32373.52225
"Nebraska",2007,4.78,20.551605,NA,28248.39998,32442.69878
"Nebraska",2006,4.56,21.359291,NA,27276.292,31669.96885
"Nebraska",2005,4.43,21.574333,NA,26975.94398,31464.73362
"Nebraska",2004,4.28,20.874711,NA,25875.92999,32008.70885
"Nebraska",2003,4.18,21.27268,NA,25856.56599,30455.984
"Nebraska",2002,3.89,20.320331,NA,25661.061,31618.494
"Nebraska",2001,3.76,20.891945,NA,24722.64001,30485.212
"Nevada",2020,5.57,NA,1396901.25,38079.11439,40506.78254
"Nevada",2019,6.14,NA,1375888.08333333,36982.386,39889.65981
"Nevada",2018,6.1,NA,1352087.33333333,37780.26301,39640.2414
"Nevada",2017,6.15,12.884285,1429904.16666667,36657.786,38201.29435
"Nevada",2016,5.88,13.925378,1308913.58333333,36144.63001,39787.005
"Nevada",2015,6.75,14.464755,1290391.33333333,36019.68999,39046.78374
"Nevada",2014,7.12,16.031069,1272206.25,35075.60602,36000.537
"Nevada",2013,6.52,15.427193,1256907.41666667,35211.21502,36443.87359
"Nevada",2012,6.48,14.7067,1240254.33333333,35179.91801,35173.2632
"Nevada",2011,6.65,14.60511,1226844.5,33916.47898,31935.91791
"Nevada",2010,7.37,16.891957,1216473.25,33772.59501,35146.24769
"Nevada",2009,7.97,18.207146,1212212,34283.65401,37705.13277
"Nevada",2008,7.98,18.042805,1211050,35192.49601,35089.97356
"Nevada",2007,8.28,16.849261,NA,35643.40198,32669.73589
"Nevada",2006,8.03,16.722035,NA,34586.26,31860.02182
"Nevada",2005,7.71,26.625507,NA,32500.63,40213.75184
"Nevada",2004,7.24,25.62944,NA,31312.30598,37667.43503
"Nevada",2003,7.3,23.274475,NA,30131.65999,33194.888
"Nevada",2002,7.25,21.284846,NA,29204.27201,32088.935
"Nevada",2001,6.56,24.468392,NA,28167.29302,33875.966
"New Hampshire",2020,12.78,NA,746185,10670.73395,16710.18474
"New Hampshire",2019,13.09,NA,738697.25,10711.65703,18026.59483
"New Hampshire",2018,13.42,NA,733649.833333333,11046.28399,17087.15639
"New Hampshire",2017,12.34,1.787605,729008.916666667,10787.261,17446.84079
"New Hampshire",2016,12.34,2.373587,722865.166666667,10904.95602,19282.49308
"New Hampshire",2015,12.74,3.51204,716572.583333333,10999.14903,20015.8934
"New Hampshire",2014,11.93,3.323476,716065,10944.081,19538.39498
"New Hampshire",2013,11.4,3.302949,712458,11043.276,19778.52045
"New Hampshire",2012,11.83,4.137141,710118.666666667,10870.261,19222.31892
"New Hampshire",2011,12.27,4.98707,707631.416666667,10868.607,20065.941
"New Hampshire",2010,12.76,5.43419,705516.166666667,10890.07399,22195.91196
"New Hampshire",2009,13.73,5.378187,686985.25,10698.49301,20164.12197
"New Hampshire",2008,13.13,6.670748,700550.833333333,10977.289,22876.99155
"New Hampshire",2007,12.27,6.766266,NA,11235.856,23277.17115
"New Hampshire",2006,11.62,6.874787,NA,11094.343,22063.69455
"New Hampshire",2005,11.48,7.844436,NA,11244.62801,24470.01315
"New Hampshire",2004,10.01,7.854819,NA,10973.309,23875.78653
"New Hampshire",2003,9.75,7.306271,NA,10972.542,21597.107
"New Hampshire",2002,9.09,4.425151,NA,10383.387,15953.078
"New Hampshire",2001,9.11,4.255318,NA,10315.551,15074.624
"New Jersey",2020,9.99,NA,4161883.75,71363.66859,61481.73405
"New Jersey",2019,10.16,NA,4132415.5,73916.70397,71018.77422
"New Jersey",2018,10.07,NA,4101354.41666667,76016.762,75033.60002
"New Jersey",2017,10.12,16.713531,4065270.41666667,73382.94001,75644.51252
"New Jersey",2016,10.16,19.686053,4036652.75,75359.371,77611.40309
"New Jersey",2015,10.64,17.900691,4014197.08333333,75489.62301,74608.85973
"New Jersey",2014,11.38,16.783161,3994526.08333333,73866.078,68051.08585
"New Jersey",2013,10.8,14.445022,3955585.5,74642.39901,64750.94171
"New Jersey",2012,10.52,14.859259,3957979.41666667,75052.914,65263.40795
"New Jersey",2011,11.43,15.662318,3951707.16666667,76859.762,64694.09597
"New Jersey",2010,11.81,17.824428,3946489.33333333,79179.427,65682.49363
"New Jersey",2009,11.89,14.711888,3920451.83333333,75779.853,61811.23904
"New Jersey",2008,12.54,18.770464,3892542.83333333,80519.54301,63674.78903
"New Jersey",2007,10.08,19.519113,NA,81934.33401,62671.24497
"New Jersey",2006,10.42,18.400033,NA,79680.94701,60700.13861
"New Jersey",2005,9.76,19.45081,NA,81896.81299,60549.58298
"New Jersey",2004,9.03,19.217447,NA,77593.16699,55882.34166
"New Jersey",2003,7.99,18.274635,NA,76382.51198,57399.351
"New Jersey",2002,7.72,19.313358,NA,74602.62001,61569.387
"New Jersey",2001,8.33,18.901653,NA,73177.39001,59421.26
"New Mexico",2020,5.55,NA,1070322.83333333,25179.34246,34385.45194
"New Mexico",2019,5.48,NA,1049502.91666667,24880.13401,35174.50994
"New Mexico",2018,5.84,NA,1043070.58333333,24048.61099,32673.68187
"New Mexico",2017,6.15,23.030395,1033586.41666667,23009.584,33597.41264
"New Mexico",2016,5.84,23.224655,1027966.41666667,23039.54702,32912.04486
"New Mexico",2015,6.33,24.806201,1022421.25,23093.55301,32701.3983
"New Mexico",2014,6.61,24.703564,1018857.5,23115.222,32306.20987
"New Mexico",2013,6.36,28.501348,1012670,23065.02602,35870.96518
"New Mexico",2012,5.83,29.156937,1004935.08333333,23178.56801,36635.90944
"New Mexico",2011,6.06,31.150876,1000408.5,23041.66501,38181.1393
"New Mexico",2010,6.01,29.316123,996641,22428.34401,36251.54218
"New Mexico",2009,5.72,32.962576,987402.666666667,21647.13601,39674.33868
"New Mexico",2008,6.38,30.764361,981568.25,22038.108,37009.83692
"New Mexico",2007,5.6,31.421586,NA,22267.39401,35985.33282
"New Mexico",2006,5.57,32.999437,NA,21434.95701,37265.62456
"New Mexico",2005,5.61,32.447682,NA,20638.95101,35135.64202
"New Mexico",2004,5.22,31.10536,NA,19845.735,32940.36057
"New Mexico",2003,4.95,31.086306,NA,19330.49099,32735.653
"New Mexico",2002,4.48,28.969575,NA,19206.917,30661.707
"New Mexico",2001,5.45,30.727556,NA,18726.594,33611.643
"New York",2020,5.52,NA,8396319.16666667,139202.76202,131981.77481
"New York",2019,5.61,NA,8364116.75,145600.34499,131603.28936
"New York",2018,6.02,NA,8304437.33333333,149929.851,132520.50083
"New York",2017,5.92,22.00059,8241302.58333333,144992.43304,128065.08184
"New York",2016,6.03,27.757046,8199449.25,147803.038,134417.10736
"New York",2015,6.31,29.196264,8141860.25,148913.65506,138627.72053
"New York",2014,6.58,30.569372,8100264.41666667,147371.91299,137122.20214
"New York",2013,6.58,30.062962,8076227.91666667,147895.12703,136116.82997
"New York",2012,6.7,32.300968,8057143.08333333,143162.66802,135768.24358
"New York",2011,7.83,33.93044,8031846.25,144046.60902,137480.34695
"New York",2010,8.79,38.223196,8001547.58333333,144623.57303,136961.65363
"New York",2009,8.37,34.622388,7959830.33333333,140034.397,133150.54968
"New York",2008,9.39,43.294279,7937991.75,144052.93601,140322.10017
"New York",2007,8.71,49.866239,NA,148177.52299,145878.68744
"New York",2006,9.39,47.187087,NA,142238.019,142265.4322
"New York",2005,8.23,56.216027,NA,150147.57099,146887.41865
"New York",2004,7.04,53.621847,NA,145081.709,137964.79365
"New York",2003,7.14,53.156174,NA,144044.703,137643.316
"New York",2002,5.18,51.77924,NA,147440.11601,139591.688
"New York",2001,5.56,56.063211,NA,144180.76,143914.559
"North Carolina",2020,6.16,NA,5457183.41666667,130303.09973,123953.05646
"North Carolina",2019,6.3,NA,5336315.5,136435.53103,131173.86057
"North Carolina",2018,6.33,NA,5252111.41666667,138287.404,134249.49698
"North Carolina",2017,6.2,47.309179,5179045.08333333,131421.31899,128468.11719
"North Carolina",2016,6.31,51.149229,5106192.5,134404.31902,130779.15707
"North Carolina",2015,6.51,52.118983,5012174.83333333,133847.523,128388.44461
"North Carolina",2014,6.5,57.493665,4969666.83333333,133132.77596,128143.58813
"North Carolina",2013,6.45,56.047183,4933031.5,129779.90503,125936.29336
"North Carolina",2012,6.42,57.31514,4893381.58333333,128084.89301,116681.76322
"North Carolina",2011,6.01,62.322235,4857431.25,131084.93303,118389.85492
"North Carolina",2010,6.17,72.992935,4841159.66666667,136414.94702,128678.48325
"North Carolina",2009,5.99,64.462198,4837857,127657.97901,118407.40252
"North Carolina",2008,5.54,74.740749,4808354.58333333,130069.25704,125239.06286
"North Carolina",2007,5.47,78.474016,NA,131880.75401,130115.30057
"North Carolina",2006,5.23,72.647323,NA,126698.97899,125214.78441
"North Carolina",2005,5.04,75.467556,NA,128335.37699,129748.57757
"North Carolina",2004,4.88,71.838487,NA,125656.80699,126329.95675
"North Carolina",2003,4.79,70.735224,NA,121335.12099,127582.319
"North Carolina",2002,4.7,71.360468,NA,122686.46799,124468.03
"North Carolina",2001,4.61,68.707471,NA,119026.94299,117495.85
"North Dakota",2020,7.77,NA,470625.833333333,21376.64031,42785.15923
"North Dakota",2019,7.94,NA,470191.166666667,21559.255,41147.32361
"North Dakota",2018,7.98,NA,466723.333333333,20669.50599,42615.32123
"North Dakota",2017,7.63,29.281532,463335.833333333,20140.42599,41505.07357
"North Dakota",2016,7.98,29.265096,459944.5,18520.18801,37856.45176
"North Dakota",2015,8.07,30.119377,450871.75,18128.94799,37156.61235
"North Dakota",2014,7.62,29.226849,436642.666666667,18239.73199,36462.50767
"North Dakota",2013,7.13,29.042776,421964.083333333,16032.96699,35021.67273
"North Dakota",2012,6.55,29.733561,410308.083333333,14716.95599,36125.15886
"North Dakota",2011,6.24,28.737767,394393.5,13737.01602,35079.9001
"North Dakota",2010,5.81,29.861911,387614.916666667,12956.26302,34739.54167
"North Dakota",2009,5.25,31.338787,382384.583333333,12648.58,34196.46668
"North Dakota",2008,5.59,31.66406,377412.416666667,12416.07401,32734.57915
"North Dakota",2007,5.24,31.035751,NA,11905.695,31224.10504
"North Dakota",2006,5,30.361423,NA,11245.238,30881.1368
"North Dakota",2005,4.32,31.990615,NA,10839.99,31932.61542
"North Dakota",2004,4.13,29.628995,NA,10516.39999,29936.1061
"North Dakota",2003,3.96,30.960944,NA,10461.108,31322.129
"North Dakota",2002,3.98,31.389746,NA,10219.353,31306.312
"North Dakota",2001,3.98,30.949019,NA,9809.757,30332.072
"Ohio",2020,5.78,NA,5704148.08333333,139980.16156,121121.98988
"Ohio",2019,6.55,NA,5633525.33333333,148521.92006,120001.12603
"Ohio",2018,7.01,NA,5613770.25,152915.167,126184.60986
"Ohio",2017,6.92,79.694476,5582296.83333333,146643.83104,119554.36562
"Ohio",2016,6.98,81.368412,5554422.25,150597.79606,118922.0776
"Ohio",2015,7.02,83.40135,5532872.5,149213.22397,121893.40148
"Ohio",2014,6.77,98.737541,5520660.58333333,150679.71303,134476.40497
"Ohio",2013,6.22,102.592061,5508668.16666667,150307.01802,137284.18868
"Ohio",2012,6.24,95.077379,5502155.16666667,152456.86402,129745.73061
"Ohio",2011,6.12,111.82379,5505433.41666667,154746.31003,135585.80447
"Ohio",2010,6.4,122.061593,5510870.41666667,154145.41794,143598.33672
"Ohio",2009,6.72,115.076435,5515214.16666667,146299.79301,136090.22524
"Ohio",2008,6.2,128.914991,5525580.75,159388.80701,153412.25109
"Ohio",2007,5.76,132.089731,NA,161770.827,155155.54535
"Ohio",2006,5.61,130.263417,NA,153428.84401,155434.07519
"Ohio",2005,5.1,134.259069,NA,160176.30301,156976.3228
"Ohio",2004,4.89,125.662693,NA,154221.114,148345.90531
"Ohio",2003,4.79,129.952211,NA,152189.238,146638.128
"Ohio",2002,4.87,125.873486,NA,153407.09799,147068.85
"Ohio",2001,4.27,119.433691,NA,155797.714,142261.807
"Oklahoma",2020,4.4,NA,2138145.33333333,61789.79941,83584.73063
"Oklahoma",2019,5.07,NA,2082701.16666667,64795.94601,85216.50112
"Oklahoma",2018,5.34,NA,2066552.16666667,64575.31597,86223.7206
"Oklahoma",2017,5.42,30.718974,2051080.08333333,60492.12799,73731.65397
"Oklahoma",2016,5.02,35.564904,2033941.33333333,61516.55401,78655.00719
"Oklahoma",2015,5.35,39.873446,2020007.08333333,61336.38501,76135.59588
"Oklahoma",2014,5.85,42.30007,2003855.83333333,61573.37404,70155.5043
"Oklahoma",2013,5.49,44.551517,1983311.25,59929.17201,73673.68026
"Oklahoma",2012,5.09,47.472093,1965548.66666667,59340.62402,77896.58811
"Oklahoma",2011,5.46,49.540383,1950242.16666667,59846.79402,74605.71361
"Oklahoma",2010,5.35,47.729216,1940919.5,57845.98003,72250.73312
"Oklahoma",2009,4.82,50.121603,1927535.58333333,54544.58003,75066.80926
"Oklahoma",2008,5.9,51.534103,1915327.75,56278.86606,76328.90845
"Oklahoma",2007,5.41,49.936396,NA,55193.19999,72819.0951
"Oklahoma",2006,5.46,50.513341,NA,54905.31401,70614.88018
"Oklahoma",2005,5.11,49.789955,NA,53707.10199,68607.82716
"Oklahoma",2004,4.76,45.116903,NA,50942.04199,60729.56046
"Oklahoma",2003,4.59,47.124732,NA,50428.16801,60626.856
"Oklahoma",2002,3.81,46.598866,NA,49485.46602,59183.419
"Oklahoma",2001,4.29,44.095869,NA,49666.725,55249.45
"Oregon",2020,6.14,NA,2075820.83333333,47626.85978,64859.75572
"Oregon",2019,5.86,NA,2029436.58333333,50404.38601,62258.37796
"Oregon",2018,5.86,NA,2013002.5,49325.90401,64113.56042
"Oregon",2017,5.98,7.517114,1984090,50043.81603,62713.74747
"Oregon",2016,6.05,7.78808,1962944.91666667,47349.35001,60182.01282
"Oregon",2015,5.97,8.590345,1941330.83333333,47263.97399,57866.53464
"Oregon",2014,5.97,7.958431,1922308.75,47334.95301,60119.9072
"Oregon",2013,5.8,9.078871,1909379.16666667,47640.97803,59895.51466
"Oregon",2012,5.59,6.951146,1903526.33333333,46688.85598,60932.73047
"Oregon",2011,5.47,6.440185,1895752.75,47171.44601,59695.16413
"Oregon",2010,5.4,9.799518,1890217.41666667,46025.94503,55126.99915
"Oregon",2009,5.4,8.878735,1882151,47566.89703,56690.85643
"Oregon",2008,5.26,10.118387,1873560.58333333,49187.47698,58718.43754
"Oregon",2007,5.06,9.687391,NA,48696.965,55077.79394
"Oregon",2006,4.85,6.405591,NA,48069.26499,53340.69511
"Oregon",2005,4.83,8.190214,NA,46419.24499,49325.00253
"Oregon",2004,4.43,8.175199,NA,45636.44801,51381.27819
"Oregon",2003,4.63,8.223844,NA,45194.72999,48966.139
"Oregon",2002,4.72,6.518397,NA,45255.173,47099.369
"Oregon",2001,4.21,8.682107,NA,45884.82999,45051.906
"Pennsylvania",2020,6.14,NA,6200278.5,139094.16472,230950.47265
"Pennsylvania",2019,6.41,NA,6149653.08333333,145580.38298,228995.33055
"Pennsylvania",2018,6.84,NA,6119109.25,148976.73101,215385.8299
"Pennsylvania",2017,6.77,76.842002,6077866.91666667,142990.89598,213639.29852
"Pennsylvania",2016,6.92,82.678298,6055012.08333333,145327.68299,215066.50936
"Pennsylvania",2015,7.2,88.571228,6018884.41666667,146344.02797,214572.2912
"Pennsylvania",2014,7.41,99.76635,6003980.16666667,146687.69799,221058.36549
"Pennsylvania",2013,6.97,106.875416,5986815.08333333,146253.76299,226785.63047
"Pennsylvania",2012,7.23,108.229609,5974104.83333333,144709.72702,223419.71547
"Pennsylvania",2011,7.73,115.338875,5959646.25,148757.23801,227314.72236
"Pennsylvania",2010,7.66,120.85144,5950349.16666667,148963.96801,229752.30616
"Pennsylvania",2009,7.21,114.517796,5941962.41666667,143747.43799,219496.14356
"Pennsylvania",2008,7.03,122.028551,5935584.25,150400.58903,222350.92473
"Pennsylvania",2007,6.87,127.557021,NA,151572.95,226088.34025
"Pennsylvania",2006,6.63,125.078809,NA,146150.358,218811.59465
"Pennsylvania",2005,6.29,125.96333,NA,148272.94002,218091.1251
"Pennsylvania",2004,5.87,121.192359,NA,143501.49299,214658.50077
"Pennsylvania",2003,5.8,118.217761,NA,140369.128,206349.513
"Pennsylvania",2002,5.83,117.504419,NA,139819.87001,204322.878
"Pennsylvania",2001,5.76,109.800284,NA,135271.93298,196576.591
"Rhode Island",2020,15.76,NA,503319.5,7317.51781,8015.82729
"Rhode Island",2019,15.59,NA,506645.916666667,7349.91499,7624.40282
"Rhode Island",2018,15.39,NA,503907.25,7583.33901,8375.25693
"Rhode Island",2017,14.57,2.771203,498355.166666667,7384.67101,7614.94102
"Rhode Island",2016,13.48,2.574955,499235.916666667,7524.27,6564.8851
"Rhode Island",2015,13.76,2.787461,500946.833333333,7664.718,6939.01892
"Rhode Island",2014,12.86,2.489896,499108.916666667,7643.10403,6281.74822
"Rhode Island",2013,11.82,2.565797,498430.916666667,7781.122,6246.80672
"Rhode Island",2012,10.68,3.325943,495199.75,7708.33398,8309.03583
"Rhode Island",2011,11.27,3.476485,491797.666666667,7732.41999,8722.27255
"Rhode Island",2010,11.83,3.080025,489263.166666667,7799.22701,7738.719
"Rhode Island",2009,12.22,3.013512,490500.916666667,7617.629,7696.82445
"Rhode Island",2008,14.23,2.884781,488106,7818.59403,7387.26577
"Rhode Island",2007,12.04,2.811613,NA,8013.02202,7049.84395
"Rhode Island",2006,12.51,2.33224,NA,7799.126,5967.72453
"Rhode Island",2005,10.01,2.391063,NA,8049.11199,6053.29408
"Rhode Island",2004,9.37,1.957432,NA,7887.57501,4939.41974
"Rhode Island",2003,8.88,2.290616,NA,7796.62601,5621.145
"Rhode Island",2002,7.96,2.929414,NA,7560.699,7056.765
"Rhode Island",2001,9.36,3.216895,NA,7392.91699,7501.892
"South Carolina",2020,5.83,NA,2769717.33333333,76764.85923,98170.07841
"South Carolina",2019,6.11,NA,2719888.25,80205.62001,100107.5036
"South Carolina",2018,6.1,NA,2671368.16666667,81641.13799,99364.08787
"South Carolina",2017,6.19,25.172487,2629005.16666667,78096.75702,93080.93905
"South Carolina",2016,6.09,27.748833,2583254,79577.54999,96985.76356
"South Carolina",2015,6.05,29.539729,2547977.5,81328.246,96532.21282
"South Carolina",2014,6.29,32.770953,2511079.83333333,81619.76499,97158.46493
"South Carolina",2013,6.01,28.464278,2485931.58333333,78602.09401,95249.89397
"South Carolina",2012,6.02,33.684727,2460296,77780.953,96755.68188
"South Carolina",2011,5.94,38.310868,2446233.25,80488.546,102972.56717
"South Carolina",2010,5.74,41.274936,2434137.16666667,82479.29301,104153.13272
"South Carolina",2009,5.79,37.862327,2431726.5,76417.47901,100125.48641
"South Carolina",2008,5.37,42.342485,2415476.41666667,80650.57201,100978.00477
"South Carolina",2007,4.83,42.217518,NA,81948.158,103402.14166
"South Carolina",2006,4.71,40.416413,NA,80877.32099,99267.60575
"South Carolina",2005,4.55,40.431552,NA,81254.088,102514.66484
"South Carolina",2004,4.13,39.423917,NA,79908.34001,97939.92907
"South Carolina",2003,4,36.171501,NA,77054.09799,93772.677
"South Carolina",2002,3.85,35.978229,NA,77819.39199,96563.498
"South Carolina",2001,3.86,35.258176,NA,74832.367,89158.987
"South Dakota",2020,7.85,NA,491355.5,12497.52174,17038.87541
"South Dakota",2019,7.81,NA,481346.916666667,12868.93098,14506.6467
"South Dakota",2018,7.77,NA,476173.666666667,12856.93799,12616.39568
"South Dakota",2017,7.84,2.458358,471713.5,12313.67503,10935.71884
"South Dakota",2016,7.57,2.636644,466783.583333333,12129.53003,11524.18372
"South Dakota",2015,7.37,1.913586,461992.5,12101.97901,9633.03252
"South Dakota",2014,6.99,3.043579,458240.166666667,12354.72602,10995.23976
"South Dakota",2013,6.97,3.176863,454045.5,12209.79899,10108.8865
"South Dakota",2012,6.57,3.215566,450394.416666667,11734.21,11473.397
"South Dakota",2011,6.2,2.863329,445929.583333333,11679.60002,11998.8855
"South Dakota",2010,6.07,3.551269,440130.25,11356.14901,10049.63613
"South Dakota",2009,5.65,3.423518,436222.833333333,11010.11799,8196.531
"South Dakota",2008,5.31,3.944757,431509.416666667,10974.08599,7082.67154
"South Dakota",2007,5.09,3.020592,NA,10603.301,6136.60451
"South Dakota",2006,4.84,3.52505,NA,10056.38699,7132.243
"South Dakota",2005,4.95,3.305787,NA,9811.01702,6520.769
"South Dakota",2004,4.59,3.888562,NA,9213.844,7510.21399
"South Dakota",2003,4.51,3.656683,NA,9079.98999,7943.837
"South Dakota",2002,4.54,3.395293,NA,8936.80099,7721.958
"South Dakota",2001,4.46,3.892007,NA,8626.99901,7400.743
"Tennessee",2020,5.35,NA,3516669,94596.26561,77514.12482
"Tennessee",2019,5.68,NA,3413427.83333333,99829.10001,82327.10878
"Tennessee",2018,5.68,NA,3375559.16666667,102911.18298,81554.91652
"Tennessee",2017,5.83,32.222041,3333175.91666667,97239.88498,79046.22231
"Tennessee",2016,5.68,36.232235,3293514.5,100758.43902,79340.63331
"Tennessee",2015,6.17,33.884236,3260709.33333333,99632.10795,75214.63614
"Tennessee",2014,6.4,37.502926,3229997.08333333,100219.22999,79506.88648
"Tennessee",2013,6.29,33.948846,3209113.75,96944.013,79651.61943
"Tennessee",2012,7.08,37.652844,3189566.16666667,96381.47196,77724.2638
"Tennessee",2011,7.23,40.956923,3174126.5,100733.329,81103.86222
"Tennessee",2010,6.58,43.755781,3166475.66666667,103521.53701,82348.62483
"Tennessee",2009,6.76,39.447796,3153911.91666667,94909.84402,79716.88865
"Tennessee",2008,6.29,54.35747,3147934.5,104169.77899,90663.31248
"Tennessee",2007,5.19,57.188511,NA,106716.93399,95113.40875
"Tennessee",2006,5.17,57.565431,NA,103931.74401,93911.1016
"Tennessee",2005,4.73,55.512904,NA,103905.42101,97117.16522
"Tennessee",2004,4.46,54.06841,NA,99660.66499,97594.54187
"Tennessee",2003,4.29,51.456419,NA,97455.80801,92221.791
"Tennessee",2002,4.15,54.530361,NA,98233.027,96114.262
"Tennessee",2001,4.05,56.944257,NA,96130.71801,96221.976
"Texas",2020,5.17,NA,13031030.8333333,409366.74466,475491.40854
"Texas",2019,5.45,NA,13136170.3333333,429343.40403,483201.03065
"Texas",2018,5.39,NA,12865639.3333333,424418.62798,477352.42459
"Texas",2017,5.35,212.394021,12439059.4166667,401880.37402,452794.36521
"Texas",2016,5.33,208.95673,12074527.6666667,398661.8088,454047.59107
"Texas",2015,5.59,215.065169,11849712.1666667,392337.354,449826.33597
"Texas",2014,6.16,226.495465,11672971.1666667,389669.82,437629.66787
"Texas",2013,5.81,227.903929,11416988.9166667,378817.25403,433380.16569
"Texas",2012,5.57,223.691526,11249628.25,365104.131,429812.50979
"Texas",2011,6.24,239.545506,11084137.8333333,376065.11601,435476.92358
"Texas",2010,6.44,222.035179,11124031.5,358457.55,411695.0462
"Texas",2009,6.74,218.075201,11063926.3333333,345351.41997,397167.9095
"Texas",2008,8.79,228.939894,11040947.5833333,347814.64703,404787.78097
"Texas",2007,7.79,231.155348,NA,343828.58201,405492.29554
"Texas",2006,7.82,228.469869,NA,342724.21299,400582.87774
"Texas",2005,7.14,230.714088,NA,334258.262,396668.72216
"Texas",2004,5.87,226.207709,NA,320614.83999,390299.1323
"Texas",2003,5.27,227.088359,NA,322685.95499,379199.685
"Texas",2002,4.66,226.954177,NA,320845.84901,385628.542
"Texas",2001,5.27,220.229942,NA,318044.17399,372580.002
"Utah",2020,5.88,NA,1258272.58333333,31082.67479,37107.96985
"Utah",2019,5.98,NA,1258571.58333333,31142.56502,39117.0334
"Utah",2018,5.9,NA,1230873.58333333,31242.40799,39375.42428
"Utah",2017,6.13,27.43354,1199991.41666667,30589.02103,37411.87622
"Utah",2016,6.33,27.734516,1175932.91666667,30179.53402,38133.92799
"Utah",2015,6.17,33.198356,1152720.91666667,30192.35,41949.1203
"Utah",2014,6.08,34.760347,1127984.5,30043.01902,43784.52588
"Utah",2013,5.87,35.257452,1107082.16666667,30474.03402,42516.75082
"Utah",2012,5.62,32.086254,1091353.25,29723.368,39402.96075
"Utah",2011,5.1,33.986505,1078211.5,28858.94599,40836.15001
"Utah",2010,4.93,35.13977,1068380.08333333,28044.001,42249.35459
"Utah",2009,4.81,36.098696,1059409.66666667,27586.70001,43542.94558
"Utah",2008,4.59,39.034711,1049410.83333333,28191.51102,46578.76263
"Utah",2007,4.52,38.494061,NA,27785.447,45372.57471
"Utah",2006,4.21,36.629217,NA,26365.71602,41263.32391
"Utah",2005,4.24,36.248162,NA,25000.498,38165.13087
"Utah",2004,4.01,35.616546,NA,24511.70401,38211.97746
"Utah",2003,3.79,35.580765,NA,23860.35,38023.666
"Utah",2002,3.84,34.516753,NA,23267.188,36608.003
"Utah",2001,3.53,33.211624,NA,23217.30799,35853.75
"Vermont",2020,10.98,NA,377751.666666667,5294.97451,2366.35007
"Vermont",2019,11.05,NA,374743.333333333,5427.66399,2289.798
"Vermont",2018,10.66,NA,372377.833333333,5530.94802,2178.91519
"Vermont",2017,10.21,0.00069,370244.416666667,5423.66201,2141.38837
"Vermont",2016,10.23,0.004088,368070.166666667,5516.45,1911.20709
"Vermont",2015,10.27,0.003036,365899.833333333,5521.10901,1982.04747
"Vermont",2014,10.23,0.005202,363607.833333333,5569.861,7031.39397
"Vermont",2013,10.84,0.005699,363263.916666667,5587.712,6884.91
"Vermont",2012,9.98,0.003277,360456.166666667,5510.76401,6611.78611
"Vermont",2011,9.83,0.005748,360008.416666667,5550.18401,6776.21881
"Vermont",2010,9.53,0.005261,358672.333333333,5594.83302,6619.99
"Vermont",2009,9.21,0.005101,357221.666666667,5496.51299,7282.34831
"Vermont",2008,9.19,0.005201,356130.25,5741.20401,6820.21596
"Vermont",2007,8.92,0.00511,NA,5864.006,5823.58151
"Vermont",2006,8.33,0.005083,NA,5795.02901,7084.34367
"Vermont",2005,7.77,0.006659,NA,5883.05301,5716.75462
"Vermont",2004,7.96,0.021851,NA,5663.772,5470.37877
"Vermont",2003,8.05,0.025784,NA,5352.42901,6027.962
"Vermont",2002,7.9,0.015256,NA,5629.26301,5456.19
"Vermont",2001,7.89,0.043368,NA,5585.446,5480.614
"Virginia",2020,6.48,NA,3964591.33333333,115585.02093,102265.106
"Virginia",2019,6.85,NA,3902573.75,118435.37998,96827.6393
"Virginia",2018,6.86,NA,3866337.16666667,118166.34803,95509.12101
"Virginia",2017,6.51,28.538835,3824476.58333333,111529.73202,90417.14889
"Virginia",2016,6.56,33.780345,3797569.91666667,112280.66502,92554.87591
"Virginia",2015,6.95,32.031649,3764165.25,112009.04499,84411.59208
"Virginia",2014,6.89,30.534199,3730257.91666667,112098.38099,77137.43841
"Virginia",2013,6.63,31.101535,3699796.08333333,110511.82702,76896.56506
"Virginia",2012,6.72,25.322959,3671543.08333333,107794.98502,70739.23494
"Virginia",2011,6.49,28.740916,3643614.5,110228.265,66670.85907
"Virginia",2010,6.66,34.560965,3684290.75,113806.135,72966.45599
"Virginia",2009,6.91,31.6084,3601855.58333333,108462.463,70082.06606
"Virginia",2008,5.82,36.81885,3578880.58333333,110106.337,72678.5314
"Virginia",2007,5.07,42.179743,NA,111569.55202,78360.5071
"Virginia",2006,4.69,37.55601,NA,106721.241,73069.53671
"Virginia",2005,4.46,42.226181,NA,108849.55199,78943.04496
"Virginia",2004,4.27,41.460775,NA,105424.17301,78900.03996
"Virginia",2003,4.23,41.760082,NA,101509.73099,75309.42
"Virginia",2002,4.13,42.110369,NA,100618.57,75005.651
"Virginia",2001,4.16,42.980739,NA,96453.17501,74104.75
"Washington",2020,5.13,NA,3588810.58333333,85233.47842,114202.78264
"Washington",2019,4.8,NA,3542167,91052.79597,106463.60821
"Washington",2018,4.71,NA,3488523.16666667,90005.79099,116756.72859
"Washington",2017,4.6,10.381072,3446528,91948.17202,115912.07762
"Washington",2016,4.43,9.587778,3382668.41666667,88885.31599,114086.58224
"Washington",2015,4.35,10.883269,3340019.08333333,90116.08599,109287.45791
"Washington",2014,4.32,11.742512,3297231.16666667,92140.77699,116334.36251
"Washington",2013,4.23,11.730406,3268669.41666667,92882.72299,114172.91623
"Washington",2012,4.13,6.233271,3236478.5,92336.44096,116835.47343
"Washington",2011,4.09,7.419738,3219659,93724.91702,115262.60082
"Washington",2010,4.08,13.169529,3206582.58333333,90379.97002,103472.72898
"Washington",2009,4.4,12.710573,3188958.25,90210.00198,104470.13259
"Washington",2008,4.52,12.847854,3164911,87332.88401,110828.45104
"Washington",2007,4.57,11.961571,NA,85741.94699,106990.21654
"Washington",2006,4.44,9.627408,NA,85033.335,108203.15532
"Washington",2005,4.27,14.181726,NA,83425.2,101965.85033
"Washington",2004,4.28,14.154537,NA,79981.60801,102165.05213
"Washington",2003,4.76,14.19662,NA,78133.50099,100094.691
"Washington",2002,4.88,11.532645,NA,75403.856,102765.048
"Washington",2001,4.75,14.077849,NA,78495.24701,83048.669
"West Virginia",2020,6.09,NA,1020199,32077.74171,56758.04541
"West Virginia",2019,6.02,NA,1014451.91666667,33247.013,63925.63866
"West Virginia",2018,6.4,NA,1015029.91666667,33646.81301,67249.02477
"West Virginia",2017,6.64,65.944678,1014440.33333333,31709.01901,73357.08017
"West Virginia",2016,6.57,69.569935,1014790.58333333,32076.146,75942.96757
"West Virginia",2015,6.09,66.752275,1014961.75,32303.026,72295.2689
"West Virginia",2014,5.87,74.202441,1015709.83333333,32696.10601,81059.57667
"West Virginia",2013,6.2,69.479104,1015472,31399.85001,75863.06664
"West Virginia",2012,6.33,67.671338,1016834.16666667,30817.24101,73413.4047
"West Virginia",2011,6.18,72.811167,1018447.25,31238.75301,78999.62354
"West Virginia",2010,5.86,75.112512,1017502.66666667,32031.80301,80788.94723
"West Virginia",2009,5.24,66.625137,1014508.25,30271.32901,70782.5143
"West Virginia",2008,4.2,85.394983,1011420.25,34221.10302,91123.09661
"West Virginia",2007,3.95,87.815129,NA,34183.83901,93933.10909
"West Virginia",2006,3.71,86.457787,NA,32312.12599,93815.80421
"West Virginia",2005,3.85,86.184078,NA,30152.06899,93626.28529
"West Virginia",2004,3.83,83.048659,NA,28918.61201,89749.56171
"West Virginia",2003,3.81,86.982516,NA,28296.99301,94711.554
"West Virginia",2002,3.81,87.769377,NA,28463.12201,94761.751
"West Virginia",2001,3.74,75.584344,NA,27669.432,81836.725
"Wisconsin",2020,7.71,NA,3137523.75,67543.89358,60934.97029
"Wisconsin",2019,7.31,NA,3082367.58333333,69157.54,62774.29877
"Wisconsin",2018,7.33,NA,3060584.75,70959.54899,65936.80343
"Wisconsin",2017,7.49,41.146427,3038709,69079.10898,65107.33275
"Wisconsin",2016,7.49,38.900802,3017146.25,69736.33799,64966.61115
"Wisconsin",2015,7.58,41.953683,3000203,68698.93192,66360.18322
"Wisconsin",2014,7.52,40.138666,2982787.25,69494.755,61064.79568
"Wisconsin",2013,7.4,43.759428,2966036.75,69124.04298,65962.79179
"Wisconsin",2012,7.34,37.418746,2955630.66666667,68820.08992,63750.93789
"Wisconsin",2011,7.33,42.252958,2947013.91666667,68611.62202,63289.34377
"Wisconsin",2010,6.85,43.05333,2937598.33333333,68752.41703,64314.06709
"Wisconsin",2009,6.73,39.9556,2930522.66666667,66286.439,59959.06041
"Wisconsin",2008,6.51,44.83522,2918110.83333333,70121.82703,63479.55495
"Wisconsin",2007,6.16,44.29931,NA,71301.29999,63390.6297
"Wisconsin",2006,5.85,43.510032,NA,69820.74901,61639.84347
"Wisconsin",2005,5.39,49.242215,NA,70335.683,61824.66358
"Wisconsin",2004,4.93,45.245421,NA,67975.709,60444.93342
"Wisconsin",2003,4.71,44.048413,NA,67241.49402,60122.425
"Wisconsin",2002,4.43,44.123904,NA,66999.296,58431.438
"Wisconsin",2001,4.36,44.365817,NA,65218.29301,58763.431
"Wyoming",2020,6.84,NA,348385.333333333,15330.41947,41650.45014
"Wyoming",2019,6.73,NA,344497.666666667,16763.496,42145.65634
"Wyoming",2018,6.71,NA,341684,16864.678,46112.13594
"Wyoming",2017,6.92,40.831575,339365.916666667,16778.06698,46741.84595
"Wyoming",2016,6.92,40.719695,337737.583333333,16554.87001,46656.63013
"Wyoming",2015,6.76,43.815144,336471.916666667,16924.76201,48966.5191
"Wyoming",2014,6.61,43.719806,334215.916666667,17134.07502,49696.18336
"Wyoming",2013,6.42,46.748038,331754.083333333,17053.514,52483.0654
"Wyoming",2012,6.03,43.8647,329621.333333333,16971.354,49588.60621
"Wyoming",2011,5.41,41.572891,327463.666666667,17417.76199,47638.47083
"Wyoming",2010,4.98,43.313956,326022.083333333,17113.45799,48119.25384
"Wyoming",2009,4.83,42.401825,323663.083333333,16561.93701,46029.21247
"Wyoming",2008,4.47,44.501868,321162.083333333,16690.249,46500.44832
"Wyoming",2007,4.1,44.017926,NA,15535.55201,45633.48639
"Wyoming",2006,4.04,43.524248,NA,14946.61201,45400.36984
"Wyoming",2005,3.99,43.890042,NA,14137.72702,45567.30697
"Wyoming",2004,3.91,44.689113,NA,13539.51299,44807.60443
"Wyoming",2003,3.65,44.169954,NA,13253.83601,43626.602
"Wyoming",2002,3.55,42.990901,NA,12874.05999,43783.839
"Wyoming",2001,3.43,44.427858,NA,12949.50501,44776.938
